<?xml version="1.0" encoding="UTF-8"?>
<modification>
	<id>Mega Filter PRO</id>
	<version>1.5.x</version>
	<vqmver required="true">2.4.0</vqmver>
	<author>marsilea15@gmail.com</author>
	
	<!-- Column Left, Column Right, Content Top, Content Bottom -->
	<file path="catalog/controller/common/" name="column_left.php,column_right.php,content_top.php">
		<!-- v2.0.0.0 -->
		<operation error="skip">
			<search position="replace"><![CDATA[if (isset($part[1]) && isset($setting[$part[1]])) {]]></search>
			<add><![CDATA[
				if( $code == 'mega_filter' ) {
					$setting['_idx'] = $part[1];
					$setting['position'] = $module['position'];
				
					if( NULL != ( $mfp = $this->load->controller('module/' . $code, $setting) ) ) {
						$data['modules'][] = $mfp;
					}
				} else if (isset($part[1]) && isset($setting[$part[1]])) {
			]]></add>
		</operation>
		<!-- v2.0.1.0 -->
		<operation error="skip">
			<search position="replace"><![CDATA[if (isset($part[0]) && $this->config->get($part[0] . '_status')) {]]></search>
			<add><![CDATA[
				if( $part[0] == 'mega_filter' ) {
					if( ! isset( $part[1] ) ) {
						continue;
					}
				
					$mfp_setting = $this->config->get($part[0] . '_module');
					$mfp_setting['_idx'] = $part[1];
					$mfp_setting['position'] = $module['position'];
				
					if( NULL != ( $mfp = $this->load->controller('module/' . $part[0], $mfp_setting) ) ) {
						$data['modules'][] = $mfp;
					}
				} else if (isset($part[0]) && $this->config->get($part[0] . '_status')) {
			]]></add>
		</operation>
	</file>
	
	<!-- Header -->
	<file path="catalog/view/theme/*/template/common/" name="header.tpl">
		<operation>
			<search position="before"><![CDATA[catalog/view/javascript/bootstrap/js/bootstrap.min.js]]></search>
			<add><![CDATA[				
				<script src="catalog/view/javascript/mf/jquery-ui.min.js" type="text/javascript"></script>
			]]></add>
		</operation>
	</file>
	
	<file path="catalog/controller/" name="common/header.php,module/category.php">
		<operation error="skip">
			<search position="replace"><![CDATA['filter_sub_category' => true]]></search>
			<add><![CDATA[				
				'filter_sub_category' => true,
				'mfp_disabled' => true
			]]></add>
		</operation>
	</file>
	
	<!-- Layout -->
	<file path="admin/controller/design/" name="layout.php">
		<operation>
			<search position="after"><![CDATA[foreach ($extensions as $code) {]]></search>
			<add><![CDATA[				
				if( $code == 'mega_filter' ) continue;
			]]></add>
		</operation>
		<operation>
			<search position="after"><![CDATA[$extensions = $this->model_extension_extension->getInstalled('module');]]></search>
			<add><![CDATA[				
				foreach( $data['layout_modules'] as $mfp_k => $mfp_v ) {
					if( strpos( $mfp_v['code'], 'mega_filter' ) === 0 ) {
						unset( $data['layout_modules'][$mfp_k] );
					}
				}
			]]></add>
		</operation>
	</file>
	
	<file path="admin/model/design/" name="layout.php">
		<operation error="skip">
			<search position="replace"><![CDATA[$this->db->query("DELETE FROM " . DB_PREFIX . "layout_module WHERE layout_id = '" . (int)$layout_id . "'");]]></search>
			<add><![CDATA[$this->db->query("DELETE FROM " . DB_PREFIX . "layout_module WHERE layout_id = '" . (int)$layout_id . "' AND `code` NOT REGEXP '^mega_filter'");]]></add>
		</operation>
	</file>
	
	<!-- Controller -->
	<file path="system/engine/" name="controller.php">
		<operation>
			<search position="after"><![CDATA[$this->registry = $registry;]]></search>
			<add><![CDATA[				
				if( ! empty( $this->request->get['mfp'] ) ) {
					preg_match( '/path\[([^]]*)\]/', $this->request->get['mfp'], $mf_matches );

					if( ! empty( $mf_matches[1] ) ) {
						if( empty( $this->request->get['mfilterAjax'] ) && ! empty( $this->request->get['path'] ) && $this->request->get['path'] != $mf_matches[1] ) {
							$this->request->get['mfp_org_path'] = $this->request->get['path'];
				
							if( 0 === ( $mf_strpos = strpos( $this->request->get['mfp_org_path'], $mf_matches[1] . '_' ) ) ) {
								$this->request->get['mfp_org_path'] = substr( $this->request->get['mfp_org_path'], $mf_strpos+strlen($mf_matches[1])+1 );
							}
						}
				
						//$this->request->get['path'] = $mf_matches[1];
						$this->request->get['mfp_path'] = $mf_matches[1];

						if( isset( $this->request->get['category_id'] ) || ( isset( $this->request->get['route'] ) && in_array( $this->request->get['route'], array( 'product/search', 'product/special', 'product/manufacturer/info' ) ) ) ) {
							$mf_matches = explode( '_', $mf_matches[1] );
							$this->request->get['category_id'] = end( $mf_matches );
						}
					}
				
					unset( $mf_matches );
				}
			]]></add>
		</operation>
	</file>
	
	<file path="catalog/controller/product/" name="special.php">
		<operation>
			<search position="before"><![CDATA[$product_total = $this->model_catalog_product->getTotalProductSpecials();]]></search>
			<add><![CDATA[
				if( isset( $this->request->get['category_id'] ) ) {
					$filter_data['filter_category_id'] = (int) $this->request->get['category_id'];
				}
			]]></add>
		</operation>
	</file>
	
	<!-- SEO -->
	<file path="catalog/controller/common/" name="seo_url.php,seo_mega_pack_pro_url.php" error="skip">
		<operation>
			<search position="after"><![CDATA[$query = $this->db->query("SELECT * FROM " . DB_PREFIX . "url_alias WHERE keyword = '" . $this->db->escape($part) . "'");]]></search>
			<add><![CDATA[
				$mfilterConfig = $this->config->get( 'mega_filter_seo' );
				
				if( ! empty( $mfilterConfig['enabled'] ) && ! $query->num_rows ) {
					$mfilter_query = $this->db->query( "SELECT * FROM `" . DB_PREFIX . "mfilter_url_alias` WHERE `alias` = '" . $this->db->escape( $part ) . "'");
				
					if( $mfilter_query->num_rows ) {
						if( ! isset( $this->request->get['mfp'] ) ) {
							$this->request->get['mfp'] = $mfilter_query->row['mfp'];
						}
						$this->request->get['mfp_seo_alias'] = $part;
				
						continue;
					}
				}				
			]]></add>
		</operation>
		<operation>
			<search position="replace" regex="true"><![CDATA[~foreach *\( *\$parts as \$part *\) \{~]]></search>
			<add><![CDATA[
				$mfilterConfig = $this->config->get( 'mega_filter_seo' );
				
				foreach ($parts as $part) {				
					if( ! empty( $mfilterConfig['enabled'] ) ) {
						if( preg_match( '/^mfp,([a-z0-9\-_]+\[[^\]]*\],?)+/', $part, $matches ) ) {
							if( isset( $this->request->get['route'] ) ) {
								$this->request->get['route'] = preg_replace( '/\/?mfp,([a-z0-9\-_]+\[[^\]]*\],?)+/', '', $this->request->get['route'] );
							}
				
							if( isset( $this->request->get['_route_'] ) ) {
								$this->request->get['_route_'] = preg_replace( '/\/?mfp,([a-z0-9\-_]+\[[^\]]*\],?)+/', '', $this->request->get['_route_'] );
							}
				
							if( ! isset( $this->request->get['mfp'] ) ) {
								$this->request->get['mfp'] = preg_replace( '/^mfp,/', '', $matches[0] );
							}

							continue;
						}
					}
			]]></add>
		</operation>
	</file>
	
	<file path="catalog/controller/common/" name="seo_pro.php" error="skip">
		<operation>
			<search position="replace"><![CDATA[if (rawurldecode($url) != rawurldecode($seo)) {]]></search>
			<add><![CDATA[if (rawurldecode($url) != rawurldecode($seo) && strpos($url,'mfp=')===false) {]]></add>
		</operation>
		<operation>
			<search position="replace"><![CDATA[$this->request->get['route'] = 'product/category';]]></search>
			<add><![CDATA[
				if( empty( $this->request->get['route'] ) || strpos( $this->request->get['route'], 'module/mega_filter' ) === false ) {
					if( isset( $queries[$parts[0]] ) && strpos( $queries[$parts[0]], '/' ) !== false ) {
						$this->request->get['route'] = $queries[$parts[0]];
					} else {
						if( ! empty( $this->request->get['mfp'] ) ) {
							preg_match( '/path\[([^]]*)\]/', $this->request->get['mfp'], $mf_matches );

							if( ! empty( $mf_matches[1] ) && isset( $this->request->get['manufacturer_id'] ) ) {
								$this->request->get['route'] = 'product/manufacturer/info';
							} else {
								$this->request->get['route'] = 'product/category';
							}
						} else {
							$this->request->get['route'] = 'product/category';
						}
					}
				}
			]]></add>
		</operation>
		<operation>
			<search position="after"><![CDATA[private function validate() {]]></search>
			<add><![CDATA[
				if( isset( $this->request->get['route'] ) && strpos( $this->request->get['route'], 'module/mega_filter' ) !== false ) {
					return;
				}
				
				if( isset( $this->request->get['mfp'] ) ) {
					return;
				}
			]]></add>
		</operation>
		<operation>
			<search position="after"><![CDATA[private $cache_data = null;]]></search>
			<add><![CDATA[
				private $cache_data_mfp = null;
			]]></add>
		</operation>
		<operation>
			<search position="after"><![CDATA[$this->cache_data = $this->cache->get('seo_pro');]]></search>
			<add><![CDATA[
				$mfilterConfig = $this->config->get( 'mega_filter_seo' );
				
				if( ! empty( $mfilterConfig['enabled'] ) ) {
					$this->cache_data_mfp = $this->cache->get('seo_pro_mfp.'.$this->config->get('store_id'));
					
					$mfilter_query = $this->db->query( "SELECT * FROM `" . DB_PREFIX . "mfilter_url_alias`");
					
					foreach ($mfilter_query->rows as $row) {
						$this->cache_data_mfp[mb_strtolower($row['alias'],'utf8')] = $row['mfp'];
					}
					
					$this->cache->set('seo_pro_mfp.'.$this->config->get('store_id'), $this->cache_data_mfp);
				}				
			]]></add>
		</operation>
		<operation>
			<search position="replace"><![CDATA[foreach ($parts as $keyword) {]]></search>
			<add><![CDATA[
				$mfp_parts = array();
				
				foreach ($parts as $keyword) {
					if( ! empty( $mfilterConfig['enabled'] ) ) {
						if( preg_match( '/^mfp,([a-z0-9\-_]+\[[^\]]*\],?)+/', $keyword, $matches ) ) {
							if( isset( $this->request->get['route'] ) ) {
								$this->request->get['route'] = preg_replace( '/\/?mfp,([a-z0-9\-_]+\[[^\]]*\],?)+/', '', $this->request->get['route'] );
							}
				
							if( isset( $this->request->get['_route_'] ) ) {
								$this->request->get['_route_'] = preg_replace( '/\/?mfp,([a-z0-9\-_]+\[[^\]]*\],?)+/', '', $this->request->get['_route_'] );
							}

							if( ! isset( $this->request->get['mfp'] ) ) {
								$this->request->get['mfp'] = preg_replace( '/^mfp,/', '', $matches[0] );
							}

							continue;
						} else {
							$mfp_parts[] = $keyword;
						}
					} else {
						$mfp_parts[] = $keyword;
					}
			]]></add>
		</operation>
		<operation>
			<search position="before"><![CDATA[if (count($rows) == sizeof($parts)) {]]></search>
			<add><![CDATA[
				$parts = $mfp_parts;
				
				foreach( $parts as $k => $part ) {
					if( isset( $this->cache_data_mfp[$part] ) ) {
						$this->request->get['mfp'] = $this->cache_data_mfp[$part];
						$rows[] = array('keyword' => $part, 'query' => 'mfp='.$this->cache_data_mfp[$part]);
					}
				}
			]]></add>
		</operation>
		<operation>
			<search position="after"><![CDATA[function index() {]]></search>
			<add><![CDATA[
				$mfilterConfig = $this->config->get( 'mega_filter_seo' );
			]]></add>
		</operation>
	</file>
	
	<file path="catalog/model/catalog/" name="product.php">
		<operation>
			<search position="before"><![CDATA[$query = $this->db->query($sql);]]></search>
			<add><![CDATA[
				if( in_array( __FUNCTION__, array( 'getProducts', 'getTotalProducts', 'getProductSpecials', 'getTotalProductSpecials' ) ) ) {					
					if( ! empty( $this->request->get['mfp'] ) || ( NULL != ( $mfSettings = $this->config->get('mega_filter_settings') ) && ! empty( $mfSettings['in_stock_default_selected'] ) ) ) {
						if( empty( $data['mfp_disabled'] ) ) {
							$this->load->model( 'module/mega_filter' );
					
							$sql = MegaFilterCore::newInstance( $this, $sql, $data )->getSQL( __FUNCTION__ );
						}
					}
				}
			]]></add>
		</operation>
		<operation error="skip">
			<search position="replace"><![CDATA[$this->db->query("SELECT COUNT(DISTINCT ps.product_id) AS total FROM " . DB_PREFIX . "product_special ps LEFT JOIN " . DB_PREFIX . "product p ON (ps.product_id = p.product_id) LEFT JOIN " . DB_PREFIX . "product_to_store p2s ON (p.product_id = p2s.product_id) WHERE p.status = '1' AND p.date_available <= NOW() AND p2s.store_id = '" . (int)$this->config->get('config_store_id') . "' AND ps.customer_group_id = '" . (int)$customer_group_id . "' AND ((ps.date_start = '0000-00-00' OR ps.date_start < NOW()) AND (ps.date_end = '0000-00-00' OR ps.date_end > NOW()))");]]></search>
			<add><![CDATA[
				$sql = "SELECT COUNT(DISTINCT ps.product_id) AS total FROM " . DB_PREFIX . "product_special ps LEFT JOIN " . DB_PREFIX . "product p ON (ps.product_id = p.product_id) LEFT JOIN " . DB_PREFIX . "product_to_store p2s ON (p.product_id = p2s.product_id) WHERE p.status = '1' AND p.date_available <= NOW() AND p2s.store_id = '" . (int)$this->config->get('config_store_id') . "' AND ps.customer_group_id = '" . (int)$customer_group_id . "' AND ((ps.date_start = '0000-00-00' OR ps.date_start < NOW()) AND (ps.date_end = '0000-00-00' OR ps.date_end > NOW()))";
			
				if( ! empty( $this->request->get['mfp'] ) || ( NULL != ( $mfSettings = $this->config->get('mega_filter_settings') ) && ! empty( $mfSettings['in_stock_default_selected'] ) ) ) {
					$this->load->model( 'module/mega_filter' );
					
					$sql = MegaFilterCore::newInstance( $this, $sql, $data )->getSQL( __FUNCTION__ );
				}
				
				$query = $this->db->query( $sql );
			]]></add>
		</operation>
		<operation error="skip">
			<search position="replace"><![CDATA[$query = $this->db->query("SELECT COUNT(DISTINCT ps.product_id) AS total FROM " . DB_PREFIX . "product_special ps LEFT JOIN " . DB_PREFIX . "product p ON (ps.product_id = p.product_id) LEFT JOIN " . DB_PREFIX . "product_to_store p2s ON (p.product_id = p2s.product_id) WHERE p.status = '1' AND ( p.mod_customer_group_restrict IS NULL OR " . ( NULL != ( $cgrS = $this->config->get( 'customer_group_restrict' ) ) && $cgrS['mode_product'] == 'unavailable' ? 'NOT' : '' ) . " FIND_IN_SET( " . ( $this->customer->isLogged() ? (int) $this->customer->getGroupId() : $this->config->get('config_customer_group_id') ) . ", p.mod_customer_group_restrict )) AND p.date_available <= NOW() AND p2s.store_id = '" . (int)$this->config->get('config_store_id') . "' AND ps.customer_group_id = '" . (int)$customer_group_id . "' AND ((ps.date_start = '0000-00-00' OR ps.date_start < NOW()) AND (ps.date_end = '0000-00-00' OR ps.date_end > NOW()))");]]></search>
			<add><![CDATA[
				$sql = "SELECT COUNT(DISTINCT ps.product_id) AS total FROM " . DB_PREFIX . "product_special ps LEFT JOIN " . DB_PREFIX . "product p ON (ps.product_id = p.product_id) LEFT JOIN " . DB_PREFIX . "product_to_store p2s ON (p.product_id = p2s.product_id) WHERE p.status = '1' AND p.date_available <= NOW() AND p2s.store_id = '" . (int)$this->config->get('config_store_id') . "' AND ps.customer_group_id = '" . (int)$customer_group_id . "' AND ((ps.date_start = '0000-00-00' OR ps.date_start < NOW()) AND (ps.date_end = '0000-00-00' OR ps.date_end > NOW()))";
			
				if( ! empty( $this->request->get['mfp'] ) || ( NULL != ( $mfSettings = $this->config->get('mega_filter_settings') ) && ! empty( $mfSettings['in_stock_default_selected'] ) ) ) {
					$this->load->model( 'module/mega_filter' );
					
					$sql = MegaFilterCore::newInstance( $this, $sql, $data )->getSQL( __FUNCTION__ );
				}
				
				$query = $this->db->query( $sql );
			]]></add>
		</operation>
	</file>
	
	<file path="catalog/controller/product/" name="category.php">
		<operation>
			<search position="before"><![CDATA[$product_total = $this->model_catalog_product->getTotalProducts($filter_data);]]></search>
			<add><![CDATA[
				$fmSettings = $this->config->get('mega_filter_settings');
		
				if( ! empty( $fmSettings['show_products_from_subcategories'] ) ) {
					if( ! empty( $fmSettings['level_products_from_subcategories'] ) ) {
						$fmLevel = (int) $fmSettings['level_products_from_subcategories'];
						$fmPath = explode( '_', empty( $this->request->get['path'] ) ? '' : $this->request->get['path'] );

						if( $fmPath && count( $fmPath ) >= $fmLevel ) {
							$filter_data['filter_sub_category'] = '1';
						}
					} else {
						$filter_data['filter_sub_category'] = '1';
					}
				}
				
				if( ! empty( $this->request->get['manufacturer_id'] ) ) {
					$filter_data['filter_manufacturer_id'] = (int) $this->request->get['manufacturer_id'];
				}
			]]></add>
		</operation>
		<operation>
			<search position="before"><![CDATA[$data['categories'] = array();]]></search>
			<add><![CDATA[
				$fmSettings = $this->config->get('mega_filter_settings');
				
				if( ! empty( $fmSettings['not_remember_filter_for_subcategories'] ) && false !== ( $mfpPos = strpos( $url, '&mfp=' ) ) ) {
					$mfUrlBeforeChange = $url;
					$mfSt = mb_strpos( $url, '&', $mfpPos+1, 'utf-8');
					$url = $mfSt === false ? '' : mb_substr($url, $mfSt, mb_strlen( $url, 'utf-8' ), 'utf-8');
				} else if( empty( $fmSettings['not_remember_filter_for_subcategories'] ) && false !== ( $mfpPos = strpos( $url, '&mfp=' ) ) ) {
					$mfUrlBeforeChange = $url;
					$url = preg_replace( '/,?path\[[0-9_]+\]/', '', $url );
				}
			]]></add>
		</operation>
		<operation>
			<search position="before"><![CDATA[$data['products'] = array();]]></search>
			<add><![CDATA[
				if( isset( $mfUrlBeforeChange ) ) {
					$url = $mfUrlBeforeChange;
					unset( $mfUrlBeforeChange );
				}
			]]></add>
		</operation>
		<operation>
			<search position="before"><![CDATA[$category_info = $this->model_catalog_category->getCategory($category_id);]]></search>
			<add><![CDATA[
				if( ! empty( $this->_request->get['mfp_org_path'] ) ) {
					$this->_request->get['path'] = $this->_request->get['mfp_org_path'];
				}
			]]></add>
		</operation>
		<operation>
			<search position="replace"><![CDATA[$category_info = $this->model_catalog_category->getCategory($category_id);]]></search>
			<add><![CDATA[
				if( ! empty( $this->request->get['mfp_path'] ) ) {
					$category_id = explode( '_', $this->request->get['mfp_path'] );
					$category_id = end( $category_id );
				}
				
				$category_info = $this->model_catalog_category->getCategory($category_id);
				
				if( ! empty( $this->request->get['mfp_org_path'] ) ) {
					$category_id = explode( '_', $this->request->get['mfp_org_path'] );
					$category_id = end( $category_id );
				}
			]]></add>
		</operation>
	</file>
	
	<file path="catalog/controller/" name="product/category.php,product/manufacturer.php,product/search.php,product/special.php,module/mega_filter.php">
		<operation error="skip">
			<search position="after"><![CDATA[$url = '';]]></search>
			<add><![CDATA[
				if( ! empty( $this->request->get['mfp'] ) ) {
					$url .= '&mfp=' . $this->request->get['mfp'];
				}
			]]></add>
		</operation>
		<operation>
			<search position="before"><![CDATA[$this->response->setOutput(]]></search>
			<add><![CDATA[
				if( isset( $this->request->get['mfilterAjax'] ) ) {
					$settings	= $this->config->get('mega_filter_settings');
					$baseTypes	= array( 'stock_status', 'manufacturers', 'rating', 'attributes', 'price', 'options', 'filters' );
		
					if( isset( $this->request->get['mfilterBTypes'] ) ) {
						$baseTypes = explode( ',', $this->request->get['mfilterBTypes'] );
					}
					
					if( ! empty( $settings['calculate_number_of_products'] ) || in_array( 'categories:tree', $baseTypes ) ) {
						if( empty( $settings['calculate_number_of_products'] ) ) {
							$baseTypes = array( 'categories:tree' );
						}
				
						$this->load->model( 'module/mega_filter' );

						$idx = 0;
		
						if( isset( $this->request->get['mfilterIdx'] ) )
							$idx = (int) $this->request->get['mfilterIdx'];
						
						$data['mfilter_json'] = json_encode( MegaFilterCore::newInstance( $this, NULL )->getJsonData($baseTypes, $idx) );
					}
				
					$data['header'] = $data['column_left'] = $data['column_right'] = $data['content_top'] = $data['content_bottom'] = $data['footer'] = '';
				}
				
				if( ! empty( $data['breadcrumbs'] ) && ! empty( $this->request->get['mfp'] ) ) {
					foreach( $data['breadcrumbs'] as $mfK => $mfBreadcrumb ) {
						$mfReplace = preg_replace( '/path\[[^\]]+\],?/', '', $this->request->get['mfp'] );
						$mfFind = ( mb_strpos( $mfBreadcrumb['href'], '?mfp=', 0, 'utf-8' ) !== false ? '?mfp=' : '&mfp=' );
						
						$data['breadcrumbs'][$mfK]['href'] = str_replace(array(
							$mfFind . $this->request->get['mfp'],
							'&amp;mfp=' . $this->request->get['mfp'],
							$mfFind . urlencode( $this->request->get['mfp'] ),
							'&amp;mfp=' . urlencode( $this->request->get['mfp'] )
						), $mfReplace ? $mfFind . $mfReplace : '', $mfBreadcrumb['href'] );
					}
				}
			]]></add>
		</operation>
	</file>
	
	<file path="catalog/view/theme/*/template/product/" name="category.tpl,manufacturer_info.tpl,search.tpl,special.tpl">
		<operation>
			<search position="replace"><![CDATA[echo $header; ?>]]></search>
			<add><![CDATA[echo $header; ?><?php if( ! empty( $mfilter_json ) ) { echo '<div id="mfilter-json" style="display:none">' . base64_encode( $mfilter_json ) . '</div>'; } ?>]]></add>
		</operation>
		<operation>
			<search position="replace"><![CDATA[<?php echo $content_top; ?>]]></search>
			<add><![CDATA[<?php echo $content_top; ?><div id="mfilter-content-container">]]></add>
		</operation>
		<operation>
			<search position="replace"><![CDATA[<?php echo $content_bottom; ?>]]></search>
			<add><![CDATA[</div><?php echo $content_bottom; ?>]]></add>
		</operation>
	</file>
	
	<file path="admin/model/catalog/category.php">
		<operation>
			<search position="after"><![CDATA[ModelCatalogCategory extends Model {]]></search>
			<add><![CDATA[
	
			public function getCategories_MF($data) {
				if( version_compare( VERSION, '1.5.5', '>=' ) ) {
					$sql = "SELECT cp.category_id AS category_id, GROUP_CONCAT(cd1.name ORDER BY cp.level SEPARATOR ' &gt; ') AS name, c.parent_id, c.sort_order FROM " . DB_PREFIX . "category_path cp LEFT JOIN " . DB_PREFIX . "category c ON (cp.path_id = c.category_id) LEFT JOIN " . DB_PREFIX . "category_description cd1 ON (c.category_id = cd1.category_id) LEFT JOIN " . DB_PREFIX . "category_description cd2 ON (cp.category_id = cd2.category_id) WHERE cd1.language_id = '" . (int)$this->config->get('config_language_id') . "' AND cd2.language_id = '" . (int)$this->config->get('config_language_id') . "'";

					if( ! empty( $data['filter_name'] ) ) {
						$sql .= " AND cd2.name LIKE '" . $this->db->escape($data['filter_name']) . "%'";
					} 
				
					$sql .= " GROUP BY cp.category_id ORDER BY name";
				} else {
					$sql = "SELECT * FROM " . DB_PREFIX . "category c LEFT JOIN " . DB_PREFIX . "category_description cd ON (c.category_id = cd.category_id) WHERE cd.language_id = '" . (int)$this->config->get('config_language_id') . "'";
				
					if( ! empty( $data['filter_name'] ) ) {
						$sql .= " AND LOWER(cd.name) LIKE '" . $this->db->escape( function_exists( 'mb_strtolower' ) ? mb_strtolower( $data['filter_name'], 'utf-8' ) : $data['filter_name'] ) . "%'";
					}
				
					$sql .= " GROUP BY c.category_id ORDER BY name";
				}

				if (isset($data['start']) || isset($data['limit'])) {
					if ($data['start'] < 0) {
						$data['start'] = 0;
					}				

					if ($data['limit'] < 1) {
						$data['limit'] = 20;
					}	

					$sql .= " LIMIT " . (int)$data['start'] . "," . (int)$data['limit'];
				}
				
				$query = $this->db->query($sql);

				return $query->rows;
			}
				
			]]></add>
		</operation>
	</file>

</modification>